Дневник,Created,Tags,Last Edited,Property
07.12.23,"December 7, 2023 8:52 PM",,"December 7, 2023 8:53 PM",
05.12.23,"December 5, 2023 9:08 PM",,"December 5, 2023 9:10 PM",
04.12.23,"December 4, 2023 9:03 PM",,"December 4, 2023 9:09 PM",
03.12.23,"December 3, 2023 8:13 PM",,"December 3, 2023 8:15 PM",
30.11.23,"November 30, 2023 9:37 PM",,"November 30, 2023 9:38 PM",
24.11.23,"November 24, 2023 9:19 PM",,"November 24, 2023 9:19 PM",
22.11.23,"November 22, 2023 9:33 PM",,"November 22, 2023 9:34 PM",
19.11.23,"November 19, 2023 9:27 PM",,"November 19, 2023 9:30 PM",
17.11.23,"November 17, 2023 8:07 AM",,"November 17, 2023 8:11 AM",
16.11.23,"November 17, 2023 8:05 AM",,"November 17, 2023 8:06 AM",
14.11.23,"November 15, 2023 7:58 PM",,"November 15, 2023 8:01 PM",
13.11.23,"November 13, 2023 8:42 PM",,"November 13, 2023 8:42 PM",
12.11.23,"November 12, 2023 9:15 PM",,"November 12, 2023 9:16 PM",
11.11.23,"November 11, 2023 9:38 PM",,"November 11, 2023 9:39 PM",
10.11.23,"November 11, 2023 2:09 PM",,"November 11, 2023 2:10 PM",
09.11.23,"November 9, 2023 9:50 PM",,"November 9, 2023 9:51 PM",
08.11.23,"November 8, 2023 9:37 PM",,"November 8, 2023 9:38 PM",
07.11.23,"November 7, 2023 8:53 PM",,"November 7, 2023 8:53 PM",
06.11.23,"November 6, 2023 10:50 PM",,"November 6, 2023 10:51 PM",
05.11.23,"November 5, 2023 11:17 PM",,"November 5, 2023 11:24 PM",
04.11.23,"November 4, 2023 10:12 PM",,"November 4, 2023 10:18 PM",
03.11.23,"November 3, 2023 8:58 PM",,"November 3, 2023 8:58 PM",
02.11.23,"November 2, 2023 8:25 PM",,"November 2, 2023 8:26 PM",
01.11.23,"November 1, 2023 11:04 PM",,"November 1, 2023 11:04 PM",
31.10.23,"November 1, 2023 11:59 AM",,"November 1, 2023 12:04 PM",
30.10.23,"October 30, 2023 7:08 PM",,"October 30, 2023 7:09 PM",
29.10.23,"October 29, 2023 8:41 PM",,"October 29, 2023 8:42 PM",
23.10.23,"October 23, 2023 9:09 PM",,"October 23, 2023 9:10 PM",
18.10.23,"October 18, 2023 9:59 PM",,"October 18, 2023 10:00 PM",
11.10.23,"October 11, 2023 9:57 PM",,"October 11, 2023 9:58 PM",
30.09.23,"September 30, 2023 9:04 PM",,"September 30, 2023 9:05 PM",
29.09.23,"September 29, 2023 9:07 PM",,"September 29, 2023 9:07 PM",
27.09.23,"September 28, 2023 1:07 AM",,"September 28, 2023 1:09 AM",
23.09.23,"September 23, 2023 9:15 PM",,"September 23, 2023 9:18 PM",
23.09.23,"September 23, 2023 12:13 AM",,"September 23, 2023 12:14 AM",
20.09.23,"September 20, 2023 8:23 PM",,"September 20, 2023 8:29 PM",
27.07.23,"July 27, 2023 10:28 PM",,"July 27, 2023 11:50 PM",
05.03.23,"March 6, 2023 12:12 AM",,"March 6, 2023 12:13 AM",
28.02.23,"March 1, 2023 12:38 AM",,"March 1, 2023 12:38 AM",
27.02.23,"February 28, 2023 12:34 AM",,"February 28, 2023 12:35 AM",
26.02.23,"February 27, 2023 12:50 AM",,"February 27, 2023 1:09 AM",
25.02.23,"February 26, 2023 3:47 AM",,"February 26, 2023 3:47 AM",
22.02.23,"February 22, 2023 11:57 PM",,"February 22, 2023 11:57 PM",
21.02.23,"February 22, 2023 2:14 AM",,"February 22, 2023 2:14 AM",
20.02.23,"February 21, 2023 2:31 AM",,"February 21, 2023 2:31 AM",
19.02.23,"February 20, 2023 2:46 AM",,"February 20, 2023 2:47 AM",
18.02.23,"February 19, 2023 10:52 AM",,"February 19, 2023 10:52 AM",
17.02.23,"February 17, 2023 10:49 PM",,"February 17, 2023 10:49 PM",
16.02.23,"February 17, 2023 12:46 AM",,"February 17, 2023 12:46 AM",
15.02.23,"February 15, 2023 10:13 PM",,"February 15, 2023 10:19 PM",
14.02.23,"February 14, 2023 11:16 PM",,"February 14, 2023 11:20 PM",
13.02.23,"February 14, 2023 12:30 AM",,"February 14, 2023 1:28 AM",
12.02.23,"February 12, 2023 8:29 PM",,"February 12, 2023 9:07 PM",
11.02.23,"February 11, 2023 7:11 PM",,"February 11, 2023 10:56 PM",
10.02.23,"February 10, 2023 11:25 PM",,"February 11, 2023 12:00 AM",
04.02.23,"February 5, 2023 12:18 AM",,"February 5, 2023 1:06 AM",
03.02.23,"February 3, 2023 11:32 PM",,"February 3, 2023 11:34 PM",
28.01.23,"January 28, 2023 11:15 PM",,"January 29, 2023 12:03 AM",
25.01.23,"January 26, 2023 12:32 AM",,"January 26, 2023 12:40 AM",
21.01.23,"January 20, 2023 11:19 PM",,"January 20, 2023 11:59 PM",
20.01.23,"January 20, 2023 11:18 AM",,"January 20, 2023 11:19 AM",
19.01.22,"January 19, 2023 11:41 PM",,"January 19, 2023 11:45 PM",
30.12.22,"December 31, 2022 12:04 AM",,"December 31, 2022 12:10 AM",
28.12.22,"December 28, 2022 3:20 PM",,"December 28, 2022 11:48 PM",
27.12.22,"December 27, 2022 11:36 PM",,"December 27, 2022 11:38 PM",
26.12.22,"December 27, 2022 12:24 AM",,"December 27, 2022 12:27 AM",
25.12.22,"December 26, 2022 12:46 AM",,"December 26, 2022 12:48 AM",
24.12.22,"December 25, 2022 3:05 AM",,"December 25, 2022 3:14 AM",
23.12.22,"December 24, 2022 12:01 AM",,"December 24, 2022 12:04 AM",
22.12.22,"December 23, 2022 3:35 AM",,"December 23, 2022 3:38 AM",
20.12.22,"December 20, 2022 11:32 PM",,"December 20, 2022 11:38 PM",
15.12.22,"December 16, 2022 2:53 AM",,"December 16, 2022 2:55 AM",
13.12.22,"December 14, 2022 12:10 AM",,"December 14, 2022 12:13 AM",
12.12.22,"December 13, 2022 12:37 AM",,"December 13, 2022 12:40 AM",
11.12.22,"December 12, 2022 12:54 AM",,"December 12, 2022 1:08 AM",
10.12.22,"December 11, 2022 12:10 AM",,"December 12, 2022 12:54 AM",
08.12.22,"December 9, 2022 2:35 AM",,"December 9, 2022 2:36 AM",
07.12.22,"December 8, 2022 12:04 AM",,"December 8, 2022 12:08 AM",
06.12.22,"December 7, 2022 2:41 AM",,"December 7, 2022 2:47 AM",
05.12.22,"December 6, 2022 1:30 AM",,"December 6, 2022 1:36 AM",
04.12.22,"December 5, 2022 12:50 AM",,"December 5, 2022 12:53 AM",
01.12.22,"December 1, 2022 11:32 PM",,"December 1, 2022 11:37 PM",
30.11.22,"November 30, 2022 11:44 PM",,"December 1, 2022 12:28 AM",
29.11.22,"November 29, 2022 10:33 PM",,"November 29, 2022 10:40 PM",
28.11.22,"November 29, 2022 12:02 AM",,"November 29, 2022 12:08 AM",
27.11.22,"November 27, 2022 10:41 PM",,"November 27, 2022 10:44 PM",
21.11.22,"November 22, 2022 11:18 PM",,"November 22, 2022 11:20 PM",
20.11.22,"November 21, 2022 12:00 AM",,"November 21, 2022 12:02 AM",
19.11.22,"November 20, 2022 2:07 AM",,"November 20, 2022 2:11 AM",
17.11.22,"November 17, 2022 9:46 PM",,"November 17, 2022 9:53 PM",
16.11.22,"November 17, 2022 12:21 AM",,"November 17, 2022 12:27 AM",
15.11.22,"November 15, 2022 11:50 PM",,"November 15, 2022 11:53 PM",
13.11.22,"November 13, 2022 11:37 PM",,"November 13, 2022 11:40 PM",
12.11.22,"November 13, 2022 5:45 AM",,"November 13, 2022 5:46 AM",
11.11.22,"November 12, 2022 1:10 AM",,"November 12, 2022 1:12 AM",
10.11.22,"November 11, 2022 12:43 AM",,"November 11, 2022 12:47 AM",
09.11.22,"November 9, 2022 11:54 PM",,"November 10, 2022 12:01 AM",
07.11.22,"November 8, 2022 12:38 AM",,"November 8, 2022 12:51 AM",
05.11.22,"November 5, 2022 11:05 PM",,"November 5, 2022 11:07 PM",
04.11.22,"November 4, 2022 11:15 PM",,"November 4, 2022 11:25 PM",
03.11.22,"November 3, 2022 11:46 PM",,"November 3, 2022 11:49 PM",
02.11.22,"November 2, 2022 11:47 PM",,"November 2, 2022 11:51 PM",
31.10.22,"October 31, 2022 11:26 PM",,"October 31, 2022 11:31 PM",
30.10.22,"October 30, 2022 11:30 PM",,"October 30, 2022 11:35 PM",
29.10.22,"October 29, 2022 10:58 PM",,"October 29, 2022 11:04 PM",
23.10.22,"October 23, 2022 11:07 PM",,"October 23, 2022 11:14 PM",
20.10.22,"October 21, 2022 4:03 AM",,"October 21, 2022 4:07 AM",
19.10.22,"October 20, 2022 12:06 AM",,"October 20, 2022 12:15 AM",
18.10.22,"October 19, 2022 12:25 AM",,"October 19, 2022 12:30 AM",
"17.10.22 ","October 17, 2022 10:36 PM",,"October 17, 2022 10:39 PM",
16.10.22 (eng),"October 17, 2022 12:37 AM",,"October 17, 2022 12:50 AM",
15.10.22,"October 15, 2022 11:44 PM",,"October 15, 2022 11:51 PM",
03.09.22,"September 3, 2022 10:46 PM",,"September 4, 2022 12:12 AM",
28.08.22,"August 28, 2022 6:25 PM",,"August 28, 2022 9:21 PM",
25.08.22,"August 25, 2022 10:04 PM",,"August 25, 2022 10:54 PM",
21.06.22,"July 21, 2022 10:22 PM",,"July 21, 2022 10:22 PM",
14.07.22,"July 14, 2022 11:31 PM",,"July 14, 2022 11:50 PM",
07.07.22,"July 8, 2022 12:04 AM",,"July 8, 2022 12:29 AM",
16.06.22,"June 16, 2022 10:54 PM",,"June 16, 2022 10:57 PM",
15.06.22,"June 15, 2022 10:58 PM",,"June 15, 2022 11:00 PM",
13.06.22,"June 14, 2022 12:00 AM",,"June 14, 2022 12:03 AM",
12.06.22,"June 12, 2022 10:37 PM",,"June 12, 2022 10:38 PM",
11.06.22,"June 12, 2022 12:14 AM",,"June 12, 2022 12:17 AM",
10.06.22,"June 10, 2022 3:46 PM",,"June 10, 2022 11:57 PM",
09.06.22,"June 9, 2022 10:10 PM",,"June 9, 2022 10:14 PM",
08.06.22,"June 8, 2022 11:51 PM",,"June 8, 2022 11:54 PM",
07.06.22,"June 7, 2022 11:34 PM",,"June 7, 2022 11:36 PM",
06.06.22,"June 6, 2022 9:40 PM",,"June 6, 2022 9:40 PM",
04.06.22,"June 4, 2022 11:37 AM",,"June 4, 2022 11:40 AM",
02.06.22,"June 2, 2022 7:08 PM",,"June 2, 2022 10:54 PM",
11.05.22,"May 11, 2022 10:37 PM",,"May 11, 2022 10:39 PM",
07.05.22,"May 7, 2022 1:29 PM",Дневник,"May 7, 2022 1:35 PM",
06.05.22,"May 7, 2022 12:29 AM",Дневник,"May 7, 2022 1:29 PM",
29.04.22,"April 29, 2022 11:12 AM",Дневник,"April 29, 2022 11:18 AM",
28.04.22,"April 28, 2022 6:07 PM",Дневник,"April 29, 2022 11:18 AM",
19.04.22,"April 19, 2022 10:29 PM",Дневник,"April 29, 2022 11:18 AM",
18.04.22,"April 18, 2022 2:52 PM",Дневник,"April 29, 2022 11:18 AM",
16.04.22,"April 17, 2022 2:40 AM",Дневник,"April 29, 2022 11:18 AM",
15.04.22,"April 15, 2022 11:49 PM",Дневник,"April 16, 2022 12:16 AM",
09.04.22,"April 9, 2022 11:38 PM",Дневник,"April 9, 2022 11:41 PM",
08.04.22,"April 9, 2022 12:53 AM",Дневник,"April 9, 2022 1:27 AM",
04.04.22,"April 4, 2022 10:34 PM",Дневник,"April 4, 2022 10:37 PM",
14.03.22,"March 14, 2022 8:17 PM",Дневник,"March 14, 2022 9:15 PM",
01.03.22,"March 1, 2022 5:32 PM",Дневник,"March 1, 2022 6:41 PM",
21.02.22,"February 21, 2022 11:17 PM",Дневник,"February 21, 2022 11:18 PM",
19.02.22,"February 19, 2022 10:33 PM",Дневник,"February 19, 2022 10:39 PM",
16.02.22,"February 16, 2022 10:58 PM",Дневник,"February 16, 2022 10:58 PM",
15.02.22,"February 15, 2022 4:57 PM",Дневник,"February 15, 2022 11:40 PM",
02.02.22,"February 2, 2022 6:38 PM",Дневник,"February 2, 2022 7:06 PM",
08.01.22,"January 9, 2022 2:31 AM",Дневник,"January 9, 2022 2:35 AM",
30.12.21,"December 31, 2021 12:31 AM",Дневник,"December 31, 2021 12:33 AM",
21.12.21,"December 22, 2021 12:28 AM",Дневник,"December 22, 2021 12:32 AM",
20.12.21,"December 21, 2021 2:15 AM",Дневник,"December 21, 2021 2:16 AM",
19.12.21,"December 19, 2021 12:40 PM",Дневник,"December 19, 2021 12:43 PM",
18.12.21,"December 19, 2021 1:01 AM",Дневник,"December 19, 2021 2:36 AM",
11.12.21,"December 12, 2021 5:52 PM",Дневник,"December 13, 2021 3:31 AM",
10.12.21,"December 11, 2021 12:24 AM",Дневник,"December 11, 2021 11:06 AM",
09.12.21,"December 10, 2021 3:48 AM",Дневник,"December 10, 2021 3:50 AM",
08.12.12,"December 8, 2021 11:55 PM",Дневник,"December 9, 2021 12:02 AM",
07.12.21,"December 7, 2021 11:51 PM",Дневник,"December 7, 2021 11:52 PM",
06.12.21,"December 7, 2021 1:39 AM",Дневник,"December 7, 2021 2:17 AM",
02.12.21,"December 3, 2021 1:58 AM",Дневник,"December 3, 2021 2:03 AM",
30.11.21,"December 1, 2021 12:05 AM",Дневник,"December 1, 2021 1:21 AM",
29.11.21,"November 30, 2021 12:25 AM",Дневник,"November 30, 2021 12:27 AM",
27.11.21,"November 28, 2021 2:38 AM",Дневник,"November 28, 2021 2:43 AM",
26.11.21,"November 27, 2021 1:11 AM",Дневник,"November 27, 2021 5:00 AM",
25.11.21,"November 26, 2021 2:39 AM",Дневник,"November 26, 2021 2:50 AM",
23.11.21,"November 24, 2021 1:14 AM",Дневник,"November 24, 2021 1:31 AM",
19.11.21,"November 20, 2021 12:36 AM",Дневник,"November 20, 2021 2:28 AM",
15.11.21,"November 16, 2021 12:04 AM",Дневник,"November 16, 2021 12:16 AM",
14.11.21,"November 15, 2021 2:21 AM",Дневник,"November 15, 2021 2:23 AM",
11.11.21,"November 12, 2021 4:39 AM",Дневник,"November 12, 2021 4:42 AM",
10.11.21,"November 11, 2021 6:25 AM",Дневник,"November 11, 2021 7:14 AM",
09.11.21,"November 10, 2021 1:30 AM",Дневник,"November 10, 2021 1:41 AM",
08.11.21,"November 8, 2021 4:46 PM",Дневник,"November 9, 2021 12:59 AM",
07.11.21,"November 8, 2021 2:28 AM",Дневник,"November 8, 2021 4:31 AM",
06.11.21,"November 6, 2021 2:37 PM",Дневник,"November 7, 2021 4:17 AM",
04.11.21,"November 5, 2021 1:51 AM",Дневник,"November 5, 2021 2:57 AM",
03.11.21,"November 4, 2021 5:10 AM",Дневник,"November 5, 2021 4:33 PM",
02.11.21,"November 2, 2021 5:33 PM",Дневник,"November 3, 2021 2:32 AM",
01.11.21,"November 2, 2021 1:55 AM",Дневник,"November 2, 2021 3:11 AM",
31.10.21,"October 31, 2021 6:04 PM",Дневник,"October 31, 2021 6:45 PM",
30.10.21,"October 31, 2021 2:55 AM",Дневник,"October 31, 2021 3:01 AM",
29.10.21,"October 30, 2021 1:39 AM",Дневник,"October 30, 2021 1:44 AM",
28.10.21,"October 29, 2021 1:30 AM",Дневник,"October 29, 2021 2:05 AM",
27.10.21,"October 28, 2021 12:17 AM",Дневник,"October 28, 2021 12:18 AM",
26.10.21,"October 27, 2021 2:44 AM",Дневник,"October 27, 2021 2:46 AM",
25.10.21,"October 26, 2021 2:54 AM",Дневник,"October 26, 2021 3:26 AM",
21.10.21,"October 22, 2021 2:34 AM",Дневник,"October 22, 2021 2:47 AM",
18.10.21,"October 19, 2021 1:11 AM",Дневник,"October 19, 2021 1:32 AM",
14.10.21,"October 15, 2021 5:20 AM",Дневник,"October 19, 2021 1:23 AM",
13.10.21,"October 14, 2021 1:49 AM",Дневник,"October 19, 2021 1:23 AM",
12.10.21,"October 13, 2021 2:42 AM",Дневник,"October 19, 2021 1:23 AM",
"11.10.21 ","October 11, 2021 4:24 PM",Дневник,"October 12, 2021 1:27 AM",
10.10.21,"October 11, 2021 2:36 AM",Дневник,"October 11, 2021 3:46 AM",
09.10.21,"October 9, 2021 2:58 PM",Дневник,"October 10, 2021 2:36 AM",
08.10.21,"October 9, 2021 2:40 AM",Дневник,"October 9, 2021 2:49 AM",
05.10.21,"October 5, 2021 12:50 AM",Дневник,"October 9, 2021 2:40 AM",
02.10.21,"October 2, 2021 2:46 AM",Дневник,"October 2, 2021 3:00 AM",
21.09.21,"September 22, 2021 3:03 AM",Дневник,"September 22, 2021 4:29 PM",
18.09.21,"September 19, 2021 2:54 AM",Дневник,"September 22, 2021 4:29 PM",
15.09.21,"September 16, 2021 1:00 AM",Дневник,"September 16, 2021 1:02 AM",
13.09.21,"September 14, 2021 1:26 AM",Дневник,"September 14, 2021 1:34 AM",
12.09.21,"September 13, 2021 1:40 AM",Дневник,"September 13, 2021 2:17 AM",
08.09.21,"September 9, 2021 3:24 AM",Дневник,"September 9, 2021 3:31 AM",
06.09.21,"September 7, 2021 1:21 AM",Дневник,"September 7, 2021 1:52 AM",
05.09.21,"September 6, 2021 1:49 AM","Дневник, Каша из мыслей","September 6, 2021 2:44 AM",
04.09.21,"September 5, 2021 1:32 AM",Дневник,"September 5, 2021 1:37 AM",
30.08.21,"August 30, 2021 3:34 AM",Дневник,"September 5, 2021 1:32 AM",
"26.08.21 ","August 27, 2021 2:16 AM",Дневник,"August 27, 2021 2:27 AM",
20.08.21,"August 21, 2021 12:37 AM",Дневник,"August 27, 2021 2:21 AM",
14.08.21,"August 15, 2021 1:36 AM",Дневник,"August 15, 2021 1:36 AM",
13.08.21,"August 14, 2021 2:17 AM",Дневник,"August 27, 2021 2:20 AM",
12.08.21,"August 13, 2021 12:46 AM",Дневник,"August 13, 2021 1:08 AM",
10.08.21,"August 10, 2021 8:28 PM",Дневник,"August 11, 2021 2:32 AM",
09.08.21,"August 10, 2021 12:57 AM",Дневник,"August 10, 2021 3:02 AM",
07.08.21,"August 9, 2021 2:39 AM",Дневник,"August 10, 2021 12:57 AM",
05.08.21,"August 6, 2021 12:16 AM",Дневник,"August 6, 2021 12:24 AM",
04.08.21,"August 5, 2021 1:50 AM",Дневник,"August 5, 2021 1:53 AM",
03.08.21,"August 3, 2021 1:28 PM",Дневник,"August 10, 2021 12:55 AM",
02.08.21,"August 2, 2021 9:48 PM",Дневник,"August 3, 2021 1:55 AM",
01.08.21,"August 2, 2021 1:24 AM",Дневник,"August 2, 2021 1:28 AM",
30.07.21,"July 30, 2021 8:14 PM",Дневник,"July 30, 2021 8:14 PM",
29.07.21,"July 30, 2021 8:01 PM",Дневник,"July 30, 2021 8:14 PM",
28.07.21,"July 29, 2021 2:25 AM",Дневник,"July 29, 2021 4:16 PM",
26.07.21,"July 29, 2021 2:22 AM",Дневник,"July 29, 2021 4:16 PM",
24.07.21,"July 26, 2021 12:54 AM",Дневник,"July 26, 2021 1:09 AM",
25.07.21,"July 25, 2021 5:16 PM",Дневник,"July 26, 2021 2:03 AM",
22.07.21,"July 23, 2021 2:10 AM",Дневник,"July 23, 2021 3:28 AM",
21.07.21,"July 21, 2021 6:44 PM",Дневник,"July 22, 2021 1:57 AM",
20.07.21,"July 21, 2021 12:55 AM",Дневник,"July 21, 2021 2:41 AM",
17.07.21,"July 17, 2021 3:13 PM",Дневник,"July 20, 2021 6:45 PM",
16.07.21,"July 16, 2021 12:02 PM",Дневник,"July 16, 2021 12:02 PM",
15.07.21,"July 16, 2021 3:45 AM",Дневник,"July 17, 2021 3:14 PM",
14.07.21,"July 16, 2021 3:01 AM",Дневник,"July 17, 2021 3:13 PM",
13.07.21,"July 14, 2021 2:43 AM",Дневник,"July 14, 2021 9:55 AM",
12.07.21,"July 12, 2021 8:39 AM",Дневник,"July 13, 2021 11:44 AM",
11.07.21,"July 11, 2021 10:11 PM",Дневник,"July 12, 2021 8:40 AM",
10.07.21,"July 10, 2021 2:37 PM",Дневник,"July 11, 2021 1:41 AM",
09.07.21,"July 10, 2021 2:12 AM",Дневник,"July 10, 2021 2:16 AM",
08.07.21,"July 8, 2021 10:25 PM",Дневник,"July 9, 2021 2:21 AM",
07.07.21,"July 8, 2021 3:37 AM",Дневник,"July 9, 2021 1:09 AM",
06.07.21,"July 7, 2021 3:10 AM",Дневник,"July 7, 2021 3:10 PM",
05.07.21,"July 5, 2021 11:08 PM",Дневник,"July 6, 2021 2:30 AM",
04.07.21,"July 4, 2021 2:00 PM",Дневник,"July 5, 2021 4:22 AM",
03.07.21,"July 4, 2021 2:18 AM",Дневник,"July 4, 2021 2:36 AM",
02.07.21,"July 2, 2021 6:30 AM",Дневник,"July 3, 2021 2:12 AM",
01.07.21,"July 1, 2021 10:50 PM",Дневник,"July 2, 2021 12:42 AM",
30.06.21,"July 1, 2021 12:59 AM",Дневник,"July 1, 2021 1:54 AM",
29.06.21,"June 30, 2021 12:03 AM",Дневник,"June 30, 2021 2:03 AM",
28.06.21,"June 28, 2021 4:30 PM",Дневник,"June 28, 2021 4:51 PM",
27.06.21,"June 27, 2021 3:03 AM",Дневник,"June 28, 2021 2:00 AM",
26.06.21 (др 20 лет),"June 27, 2021 12:29 AM",Дневник,"June 28, 2021 2:00 AM",
24.06.21,"June 24, 2021 1:11 AM",Дневник,"June 24, 2021 1:11 AM",
18.06.21,"June 23, 2021 11:24 AM",Дневник,"June 24, 2021 1:11 AM",
23.06.21,"June 23, 2021 11:23 AM",Дневник,"June 24, 2021 1:09 AM",
21.06.21,"June 21, 2021 10:16 AM",Дневник,"June 21, 2021 11:54 AM",
20.06.21,"June 21, 2021 12:51 AM",Дневник,"June 23, 2021 1:50 AM",
17.06.21,"June 20, 2021 8:43 AM",Дневник,"June 20, 2021 8:47 AM",
20.06.21,"June 20, 2021 8:32 AM","Дневник, Переживания","June 20, 2021 8:39 AM",
16.06.21,"June 16, 2021 5:29 AM",Дневник,"June 16, 2021 6:15 AM",
15.06.21,"June 15, 2021 11:31 AM","Дневник, Отношения","June 16, 2021 5:29 AM",
14.06.21,"June 15, 2021 12:49 AM","Дневник, Отношения","June 15, 2021 1:20 AM",
13.06.21,"June 13, 2021 1:38 AM",Дневник,"June 15, 2021 1:27 AM",
12.06.21,"June 13, 2021 1:29 AM",Дневник,"June 13, 2021 11:49 AM",
11.06.21,"June 11, 2021 11:51 PM",Дневник,"June 12, 2021 12:18 AM",
10.06.21,"June 10, 2021 10:04 AM",Дневник,"June 11, 2021 12:45 AM",
09.06.21,"June 9, 2021 9:20 AM",Дневник,"June 10, 2021 12:33 AM",
08.06.21,"June 8, 2021 1:51 PM",Дневник,"June 8, 2021 11:08 PM",
07.06.2021,"June 8, 2021 12:57 PM",Дневник,"June 8, 2021 1:56 PM",
06.06.2021,"June 6, 2021 10:39 AM",Дневник,"June 7, 2021 12:00 AM",
05.06.2021,"June 6, 2021 10:11 AM","Восторг, Дневник, Личностный рост, Отношения, Похвала, Прекрасный  день, Радость, Счастье","June 6, 2021 10:46 AM",
Дневник,"June 4, 2021 3:54 AM",Дневник,"June 4, 2021 10:34 PM",
дневник,"June 3, 2021 12:18 PM",Дневник,"June 4, 2021 4:55 AM",
"Дневник ","June 2, 2021 9:41 AM",Дневник,"June 2, 2021 5:51 PM",
дневник,"June 1, 2021 10:43 AM",Дневник,"June 2, 2021 1:11 AM",
дневник,"May 31, 2021 10:08 AM",Дневник,"May 31, 2021 5:00 PM",
дневник,"May 30, 2021 10:37 AM",Дневник,"May 31, 2021 3:01 AM",
"Дневник ","May 29, 2021 12:35 PM","Low Point, Дневник","May 29, 2021 11:58 PM",
дневник,"May 28, 2021 9:41 PM",Дневник,"May 29, 2021 12:33 AM",
дневник,"May 27, 2021 12:05 AM",Дневник,"May 27, 2021 12:14 AM",
дневник,"May 25, 2021 3:08 AM",Дневник,"May 25, 2021 3:21 AM",
дневник,"May 23, 2021 3:36 PM",Дневник,"May 24, 2021 1:34 AM",
дневник,"May 23, 2021 2:34 AM",Дневник,"May 23, 2021 2:56 AM",
"Дневник ","May 18, 2021 12:19 PM",Дневник,"May 20, 2021 5:01 PM",
дневник,"May 17, 2021 12:51 AM",Дневник,"May 17, 2021 2:24 AM",
дневник,"May 15, 2021 10:12 PM",Дневник,"May 16, 2021 2:42 PM",
Дневник,"May 14, 2021 2:32 AM",Дневник,"May 14, 2021 2:37 AM",
дневник,"May 14, 2021 12:00 AM","Дневник, Каша из мыслей, Смешанные чувства","May 14, 2021 2:38 AM",
Дневник,"May 9, 2021 1:12 AM",Дневник,"May 14, 2021 12:00 AM",
"Дневник ","May 7, 2021 5:50 PM",Дневник,"May 13, 2021 11:59 PM",
"Дневник ","May 6, 2021 12:14 PM",Дневник,"May 13, 2021 11:59 PM",
дневник,"May 6, 2021 2:51 AM",Дневник,"May 6, 2021 2:55 AM",
дневник,"May 5, 2021 4:36 PM",Дневник,"May 6, 2021 2:55 AM",
Дневник,"May 4, 2021 12:09 PM",Дневник,"May 5, 2021 1:22 AM",
дневник,"May 3, 2021 9:58 PM",Дневник,"May 3, 2021 10:21 PM",
Дневник,"April 27, 2021 12:00 PM",Дневник,"May 3, 2021 9:58 PM",
Дневник,"April 26, 2021 6:51 PM",Дневник,"May 3, 2021 9:58 PM",
дневник,"April 26, 2021 12:13 AM","Восторг, Дневник, Радость","April 26, 2021 3:03 AM",
Дневник,"April 24, 2021 4:58 PM",Дневник,"April 26, 2021 12:46 AM",
Дневник,"April 23, 2021 4:07 PM","Дневник, Каша из мыслей, Личное, Мысли","April 24, 2021 1:29 AM",
дневник,"April 22, 2021 9:45 AM","Дневник, Каша из мыслей, Смешанные чувства","April 22, 2021 11:37 PM",
дневник,"April 21, 2021 4:15 PM","Беспокойство, Дневник","April 26, 2021 3:03 AM",
"Дневник ","April 14, 2021 10:07 PM","Беспокойство, Дневник, Отношения","April 26, 2021 3:03 AM",
дневник,"April 13, 2021 11:33 AM","Дневник, Страхи, Стресс","April 13, 2021 12:08 PM",
дневник,"April 13, 2021 3:06 AM","Дневник, Рефлексия","April 13, 2021 3:23 AM",
дневник,"April 12, 2021 12:02 AM",Дневник,"April 12, 2021 12:53 AM",
дневник,"April 5, 2021 2:30 AM",Дневник,"April 5, 2021 2:32 AM",
дневник,"April 2, 2021 1:39 AM",Дневник,"April 2, 2021 2:28 AM",
дневник,"March 30, 2021 1:21 PM","Беспокойство, Дневник, Мысли, Проблемы","April 26, 2021 3:03 AM",
дневник,"March 29, 2021 11:43 PM","Дневник, Страхи, Стресс","March 29, 2021 11:46 PM",
дневник,"March 28, 2021 10:36 PM","Беспокойство, Дневник, Отношения, Проблемы, Чувства","April 26, 2021 3:03 AM",
дневник,"March 24, 2021 11:54 PM","Депрессия, Дневник, Одиночество, Отстраненность, Переживания, Раздражение, Разочарование, Страхи","March 25, 2021 12:12 AM",
дневник,"March 23, 2021 11:13 PM","Дневник, Мысли, Отношения, Прикольно","March 23, 2021 11:30 PM",
дневник,"March 22, 2021 12:09 AM","Беспокойство, Дневник, Жизненный опыт, Личное, Мысли, Рефлексия","April 26, 2021 3:03 AM",
дневник,"March 19, 2021 1:44 AM","Дневник, Личное, Отношения, Переживания, Чувства","March 19, 2021 1:53 AM",
дневник,"March 17, 2021 4:11 PM","Дневник, Замешательство, Отношения, Переживания","March 18, 2021 1:42 AM",
дневник,"March 16, 2021 6:11 PM","Дневник, Отношения, Стресс","March 17, 2021 12:27 AM",
дневник,"March 14, 2021 8:57 PM",Дневник,"March 16, 2021 6:01 PM",
дневник,"March 11, 2021 6:22 PM",Дневник,"March 11, 2021 10:19 PM",
дневник,"March 3, 2021 10:52 AM",Дневник,"March 3, 2021 10:54 AM",
"дневник ","March 2, 2021 9:33 PM","Беспокойство, Дневник, Злость, Раздражение","April 26, 2021 3:03 AM",
дневник,"March 1, 2021 1:01 AM","Беспокойство, Дневник, Отношения, Рефлексия, Стресс","April 26, 2021 3:03 AM",
дневник,"February 27, 2021 5:46 AM","Дневник, Разочарование","March 1, 2021 1:08 AM",
24.02.21,"February 24, 2021 11:50 PM","Дневник, Злость, Мысли, Печаль, Сомнения, Страхи, Стресс","March 1, 2021 1:08 AM",
22.02.2020,"February 23, 2021 12:49 AM","Беспокойство, Горит пердак, Дневник, Злость, Интересные ситуации, Радость, Разочарование, Сомнения, Стресс, Счастье","April 26, 2021 3:03 AM",
дневник,"February 21, 2021 4:57 PM","Беспокойство, Дневник, Стресс","April 26, 2021 3:03 AM",
дневник,"February 20, 2021 4:07 PM","Беспокойство, Дневник, Стресс","April 26, 2021 3:03 AM",
похороны деда,"February 19, 2021 11:24 PM","Беспокойство, Дневник, Жизненный опыт, Личное, Мысли, Рефлексия, Стресс","April 26, 2021 3:03 AM",
дневник,"February 18, 2021 12:01 AM","Горе, Дневник, Печаль","March 1, 2021 1:08 AM",
дедушка,"February 17, 2021 11:06 PM","Горе, Депрессия, Дневник, Жизненный опыт, Личное, Опасения, Печаль, Страхи","March 25, 2021 12:11 AM",
дневник,"February 17, 2021 8:12 PM",Дневник,"March 1, 2021 1:08 AM",
15.02.21,"February 16, 2021 1:25 AM","Беспокойство, Дневник, Жизненный опыт, Мысли","April 26, 2021 3:03 AM",
"дневник ","February 14, 2021 11:15 PM","Дневник, Самоанализ","March 1, 2021 1:08 AM",
дневник,"February 11, 2021 10:46 AM","Беспокойство, Дневник, Жизненный опыт, Личное, Мысли, Отношения, Чувства","April 26, 2021 3:03 AM",
дневник,"February 11, 2021 2:04 AM","Беспокойство, Дневник, Жизненный опыт, Мысли, Проблемы","April 26, 2021 3:03 AM",
08.02.21,"February 8, 2021 8:11 PM",Дневник,"March 1, 2021 1:08 AM",
05.02.2021,"February 6, 2021 1:09 AM","Дневник, Интересные ситуации, Шок контент","March 1, 2021 1:08 AM",
дневник,"February 4, 2021 7:37 PM","Low Point, Беспокойство, Депрессия, Дневник, Жизненный опыт, Личное, Мысли, Опасения, Проблемы, Разочарование, Рефлексия, Сомнения, Страхи, Цели","April 26, 2021 3:03 AM",
03.02.2021,"February 4, 2021 12:41 AM",Дневник,"March 1, 2021 1:08 AM",
дневник,"February 2, 2021 12:29 PM","Беспокойство, Дневник, Опасения, Сомнения, Страхи","April 26, 2021 3:03 AM",
01.02.21,"February 1, 2021 4:05 PM","Дневник, Жизненный опыт, Злость, Личное, Мысли, Рефлексия","March 25, 2021 12:11 AM",
31.01.21,"January 31, 2021 11:59 PM","Беспокойство, Дневник, Личное, Рефлексия","April 26, 2021 3:03 AM",
30.01.2021,"January 30, 2021 4:41 PM","Беспокойство, Дневник, Жизненный опыт, Личное, Мысли, Отношения, Плохие привычки, Рефлексия","April 26, 2021 3:03 AM",
26.01.21,"January 26, 2021 11:24 PM","Дневник, Личное","March 1, 2021 1:08 AM",
24.01.21,"January 24, 2021 11:55 PM",Дневник,"March 1, 2021 1:08 AM",
22.01.21,"January 22, 2021 11:11 AM","Горит пердак, Дневник","March 1, 2021 1:08 AM",
21.01.21,"January 22, 2021 11:09 AM","Дневник, Плохие привычки","March 1, 2021 1:08 AM",
Дневник,"January 21, 2021 1:35 AM",Дневник,"March 1, 2021 1:08 AM",
Дневник,"January 20, 2021 12:14 AM","Дневник, Мотивационное","March 1, 2021 1:08 AM",
Дневник,"January 17, 2021 6:59 PM","Low Point, Беспокойство, Дневник, Личное, Проблемы, Самоанализ, Чувства","April 26, 2021 3:03 AM",
Дневник,"January 16, 2021 2:12 PM",Дневник,"March 1, 2021 1:08 AM",
Дневник,"January 16, 2021 1:04 AM","Дневник, Мотивационное","March 1, 2021 1:08 AM",
Дневник,"January 14, 2021 11:25 AM","Дневник, Стресс","March 1, 2021 1:08 AM",
Дневник,"January 12, 2021 7:10 PM","Дневник, Ежедневная рутина","March 1, 2021 1:08 AM",
Дневник,"January 12, 2021 7:10 PM","Дневник, Жизненный опыт, Личное, Личностный рост, Мысли, Похвала, Чувства","March 25, 2021 12:11 AM",
Дневник,"January 11, 2021 12:14 AM","Беспокойство, Дневник, Жизненный опыт, Мысли, Стресс","April 26, 2021 3:03 AM",
Дневник,"January 9, 2021 10:03 PM","Беспокойство, Дневник, Отношения, Стресс, Чувства","April 26, 2021 3:03 AM",
Дневник,"January 8, 2021 4:56 PM",Дневник,"March 1, 2021 1:08 AM",
Дневник,"January 7, 2021 3:34 PM","Беспокойство, Дневник","April 26, 2021 3:03 AM",
Дневник,"January 6, 2021 8:52 PM","Беспокойство, Дневник, Мысли","April 26, 2021 3:03 AM",
Дневник. 05.01.2021,"January 6, 2021 1:13 AM","Дневник, Рефлексия","March 1, 2021 1:08 AM",
Рефлексия,"January 6, 2021 1:13 AM","Беспокойство, Личное, Мысли, Проблемы, Рефлексия, Самоанализ, Чувства","April 26, 2021 3:03 AM",
Итоги 2020 года.,"January 5, 2021 6:52 PM","Жизненный опыт, Личное, Мысли, Рефлексия, Самоанализ","March 1, 2021 1:05 AM",
Дневник 30.12.20-31.12.20,"January 5, 2021 6:52 PM","Дневник, Жизненный опыт, Рефлексия","March 1, 2021 1:08 AM",
Дневник,"January 1, 2021 2:09 AM","Беспокойство, Дневник, Жизненный опыт, Личное, Мысли, Проблемы, Рефлексия, Самоанализ, Цели, Чувства","April 26, 2021 3:03 AM",
Дневник,"December 29, 2020 11:59 PM","Дневник, Рефлексия, Самоанализ","March 1, 2021 1:08 AM",
Жанна,"December 28, 2020 11:12 PM","Жизненный опыт, Интересные ситуации, Личное, Мысли, Рефлексия, Самоанализ, Чувства","March 1, 2021 1:05 AM",
Мысли в моменте,"December 28, 2020 12:36 PM","Дневник, Мысли, Проблемы","March 1, 2021 1:08 AM",
Рефлексия,"December 28, 2020 1:06 AM","Беспокойство, Дневник, Жизненный опыт, Рефлексия","April 26, 2021 3:03 AM",
Рефлексия,"December 27, 2020 2:14 AM","Беспокойство, Дневник, Жизненный опыт, Рефлексия","April 26, 2021 3:03 AM",
Рефлексия,"December 21, 2020 4:22 AM","Дневник, Рефлексия","December 28, 2020 11:11 PM",
Рефлексия,"December 19, 2020 4:26 AM","Дневник, Рефлексия","December 28, 2020 11:11 PM",
Рефлексия,"December 17, 2020 11:20 PM","Дневник, Рефлексия, Цели","December 28, 2020 11:11 PM",
Рефлексия,"December 13, 2020 7:37 PM","Дневник, Рефлексия","December 28, 2020 11:10 PM",
Diary entry,"December 11, 2020 11:15 PM","Дневник, Личное, Рефлексия","December 28, 2020 11:10 PM",
Рефлексия,"December 8, 2020 11:45 PM","Дневник, Рефлексия","January 6, 2021 1:32 AM",
Дневнки №2,"November 25, 2020 12:33 AM",Дневник,"January 7, 2021 3:50 PM",
Дневник №1,"October 16, 2020 3:19 PM",Дневник,"January 6, 2021 1:32 AM",