date,Tags,Last Edited
2023-12-07,,"December 7, 2023 8:53 PM"
2023-12-05,,"December 5, 2023 9:10 PM"
2023-12-04,,"December 4, 2023 9:09 PM"
2023-12-03,,"December 3, 2023 8:15 PM"
2023-11-30,,"November 30, 2023 9:38 PM"
2023-11-24,,"November 24, 2023 9:19 PM"
2023-11-22,,"November 22, 2023 9:34 PM"
2023-11-19,,"November 19, 2023 9:30 PM"
2023-11-17,,"November 17, 2023 8:11 AM"
2023-11-17,,"November 17, 2023 8:06 AM"
2023-11-15,,"November 15, 2023 8:01 PM"
2023-11-13,,"November 13, 2023 8:42 PM"
2023-11-12,,"November 12, 2023 9:16 PM"
2023-11-11,,"November 11, 2023 9:39 PM"
2023-11-11,,"November 11, 2023 2:10 PM"
2023-11-09,,"November 9, 2023 9:51 PM"
2023-11-08,,"November 8, 2023 9:38 PM"
2023-11-07,,"November 7, 2023 8:53 PM"
2023-11-06,,"November 6, 2023 10:51 PM"
2023-11-05,,"November 5, 2023 11:24 PM"
2023-11-04,,"November 4, 2023 10:18 PM"
2023-11-03,,"November 3, 2023 8:58 PM"
2023-11-02,,"November 2, 2023 8:26 PM"
2023-11-01,,"November 1, 2023 11:04 PM"
2023-11-01,,"November 1, 2023 12:04 PM"
2023-10-30,,"October 30, 2023 7:09 PM"
2023-10-29,,"October 29, 2023 8:42 PM"
2023-10-23,,"October 23, 2023 9:10 PM"
2023-10-18,,"October 18, 2023 10:00 PM"
2023-10-11,,"October 11, 2023 9:58 PM"
2023-09-30,,"September 30, 2023 9:05 PM"
2023-09-29,,"September 29, 2023 9:07 PM"
2023-09-28,,"September 28, 2023 1:09 AM"
2023-09-23,,"September 23, 2023 9:18 PM"
2023-09-23,,"September 23, 2023 12:14 AM"
2023-09-20,,"September 20, 2023 8:29 PM"
2023-07-27,,"July 27, 2023 11:50 PM"
2023-03-06,,"March 6, 2023 12:13 AM"
2023-03-01,,"March 1, 2023 12:38 AM"
2023-02-28,,"February 28, 2023 12:35 AM"
2023-02-27,,"February 27, 2023 1:09 AM"
2023-02-26,,"February 26, 2023 3:47 AM"
2023-02-22,,"February 22, 2023 11:57 PM"
2023-02-22,,"February 22, 2023 2:14 AM"
2023-02-21,,"February 21, 2023 2:31 AM"
2023-02-20,,"February 20, 2023 2:47 AM"
2023-02-19,,"February 19, 2023 10:52 AM"
2023-02-17,,"February 17, 2023 10:49 PM"
2023-02-17,,"February 17, 2023 12:46 AM"
2023-02-15,,"February 15, 2023 10:19 PM"
2023-02-14,,"February 14, 2023 11:20 PM"
2023-02-14,,"February 14, 2023 1:28 AM"
2023-02-12,,"February 12, 2023 9:07 PM"
2023-02-11,,"February 11, 2023 10:56 PM"
2023-02-10,,"February 11, 2023 12:00 AM"
2023-02-05,,"February 5, 2023 1:06 AM"
2023-02-03,,"February 3, 2023 11:34 PM"
2023-01-28,,"January 29, 2023 12:03 AM"
2023-01-26,,"January 26, 2023 12:40 AM"
2023-01-20,,"January 20, 2023 11:59 PM"
2023-01-20,,"January 20, 2023 11:19 AM"
2023-01-19,,"January 19, 2023 11:45 PM"
2022-12-31,,"December 31, 2022 12:10 AM"
2022-12-28,,"December 28, 2022 11:48 PM"
2022-12-27,,"December 27, 2022 11:38 PM"
2022-12-27,,"December 27, 2022 12:27 AM"
2022-12-26,,"December 26, 2022 12:48 AM"
2022-12-25,,"December 25, 2022 3:14 AM"
2022-12-24,,"December 24, 2022 12:04 AM"
2022-12-23,,"December 23, 2022 3:38 AM"
2022-12-20,,"December 20, 2022 11:38 PM"
2022-12-16,,"December 16, 2022 2:55 AM"
2022-12-14,,"December 14, 2022 12:13 AM"
2022-12-13,,"December 13, 2022 12:40 AM"
2022-12-12,,"December 12, 2022 1:08 AM"
2022-12-11,,"December 12, 2022 12:54 AM"
2022-12-09,,"December 9, 2022 2:36 AM"
2022-12-08,,"December 8, 2022 12:08 AM"
2022-12-07,,"December 7, 2022 2:47 AM"
2022-12-06,,"December 6, 2022 1:36 AM"
2022-12-05,,"December 5, 2022 12:53 AM"
2022-12-01,,"December 1, 2022 11:37 PM"
2022-11-30,,"December 1, 2022 12:28 AM"
2022-11-29,,"November 29, 2022 10:40 PM"
2022-11-29,,"November 29, 2022 12:08 AM"
2022-11-27,,"November 27, 2022 10:44 PM"
2022-11-22,,"November 22, 2022 11:20 PM"
2022-11-21,,"November 21, 2022 12:02 AM"
2022-11-20,,"November 20, 2022 2:11 AM"
2022-11-17,,"November 17, 2022 9:53 PM"
2022-11-17,,"November 17, 2022 12:27 AM"
2022-11-15,,"November 15, 2022 11:53 PM"
2022-11-13,,"November 13, 2022 11:40 PM"
2022-11-13,,"November 13, 2022 5:46 AM"
2022-11-12,,"November 12, 2022 1:12 AM"
2022-11-11,,"November 11, 2022 12:47 AM"
2022-11-09,,"November 10, 2022 12:01 AM"
2022-11-08,,"November 8, 2022 12:51 AM"
2022-11-05,,"November 5, 2022 11:07 PM"
2022-11-04,,"November 4, 2022 11:25 PM"
2022-11-03,,"November 3, 2022 11:49 PM"
2022-11-02,,"November 2, 2022 11:51 PM"
2022-10-31,,"October 31, 2022 11:31 PM"
2022-10-30,,"October 30, 2022 11:35 PM"
2022-10-29,,"October 29, 2022 11:04 PM"
2022-10-23,,"October 23, 2022 11:14 PM"
2022-10-21,,"October 21, 2022 4:07 AM"
2022-10-20,,"October 20, 2022 12:15 AM"
2022-10-19,,"October 19, 2022 12:30 AM"
2022-10-17,,"October 17, 2022 10:39 PM"
2022-10-17,,"October 17, 2022 12:50 AM"
2022-10-15,,"October 15, 2022 11:51 PM"
2022-09-03,,"September 4, 2022 12:12 AM"
2022-08-28,,"August 28, 2022 9:21 PM"
2022-08-25,,"August 25, 2022 10:54 PM"
2022-07-21,,"July 21, 2022 10:22 PM"
2022-07-14,,"July 14, 2022 11:50 PM"
2022-07-08,,"July 8, 2022 12:29 AM"
2022-06-16,,"June 16, 2022 10:57 PM"
2022-06-15,,"June 15, 2022 11:00 PM"
2022-06-14,,"June 14, 2022 12:03 AM"
2022-06-12,,"June 12, 2022 10:38 PM"
2022-06-12,,"June 12, 2022 12:17 AM"
2022-06-10,,"June 10, 2022 11:57 PM"
2022-06-09,,"June 9, 2022 10:14 PM"
2022-06-08,,"June 8, 2022 11:54 PM"
2022-06-07,,"June 7, 2022 11:36 PM"
2022-06-06,,"June 6, 2022 9:40 PM"
2022-06-04,,"June 4, 2022 11:40 AM"
2022-06-02,,"June 2, 2022 10:54 PM"
2022-05-11,,"May 11, 2022 10:39 PM"
2022-05-07,Дневник,"May 7, 2022 1:35 PM"
2022-05-07,Дневник,"May 7, 2022 1:29 PM"
2022-04-29,Дневник,"April 29, 2022 11:18 AM"
2022-04-28,Дневник,"April 29, 2022 11:18 AM"
2022-04-19,Дневник,"April 29, 2022 11:18 AM"
2022-04-18,Дневник,"April 29, 2022 11:18 AM"
2022-04-17,Дневник,"April 29, 2022 11:18 AM"
2022-04-15,Дневник,"April 16, 2022 12:16 AM"
2022-04-09,Дневник,"April 9, 2022 11:41 PM"
2022-04-09,Дневник,"April 9, 2022 1:27 AM"
2022-04-04,Дневник,"April 4, 2022 10:37 PM"
2022-03-14,Дневник,"March 14, 2022 9:15 PM"
2022-03-01,Дневник,"March 1, 2022 6:41 PM"
2022-02-21,Дневник,"February 21, 2022 11:18 PM"
2022-02-19,Дневник,"February 19, 2022 10:39 PM"
2022-02-16,Дневник,"February 16, 2022 10:58 PM"
2022-02-15,Дневник,"February 15, 2022 11:40 PM"
2022-02-02,Дневник,"February 2, 2022 7:06 PM"
2022-01-09,Дневник,"January 9, 2022 2:35 AM"
2021-12-31,Дневник,"December 31, 2021 12:33 AM"
2021-12-22,Дневник,"December 22, 2021 12:32 AM"
2021-12-21,Дневник,"December 21, 2021 2:16 AM"
2021-12-19,Дневник,"December 19, 2021 12:43 PM"
2021-12-19,Дневник,"December 19, 2021 2:36 AM"
2021-12-12,Дневник,"December 13, 2021 3:31 AM"
2021-12-11,Дневник,"December 11, 2021 11:06 AM"
2021-12-10,Дневник,"December 10, 2021 3:50 AM"
2021-12-08,Дневник,"December 9, 2021 12:02 AM"
2021-12-07,Дневник,"December 7, 2021 11:52 PM"
2021-12-07,Дневник,"December 7, 2021 2:17 AM"
2021-12-03,Дневник,"December 3, 2021 2:03 AM"
2021-12-01,Дневник,"December 1, 2021 1:21 AM"
2021-11-30,Дневник,"November 30, 2021 12:27 AM"
2021-11-28,Дневник,"November 28, 2021 2:43 AM"
2021-11-27,Дневник,"November 27, 2021 5:00 AM"
2021-11-26,Дневник,"November 26, 2021 2:50 AM"
2021-11-24,Дневник,"November 24, 2021 1:31 AM"
2021-11-20,Дневник,"November 20, 2021 2:28 AM"
2021-11-16,Дневник,"November 16, 2021 12:16 AM"
2021-11-15,Дневник,"November 15, 2021 2:23 AM"
2021-11-12,Дневник,"November 12, 2021 4:42 AM"
2021-11-11,Дневник,"November 11, 2021 7:14 AM"
2021-11-10,Дневник,"November 10, 2021 1:41 AM"
2021-11-08,Дневник,"November 9, 2021 12:59 AM"
2021-11-08,Дневник,"November 8, 2021 4:31 AM"
2021-11-06,Дневник,"November 7, 2021 4:17 AM"
2021-11-05,Дневник,"November 5, 2021 2:57 AM"
2021-11-04,Дневник,"November 5, 2021 4:33 PM"
2021-11-02,Дневник,"November 3, 2021 2:32 AM"
2021-11-02,Дневник,"November 2, 2021 3:11 AM"
2021-10-31,Дневник,"October 31, 2021 6:45 PM"
2021-10-31,Дневник,"October 31, 2021 3:01 AM"
2021-10-30,Дневник,"October 30, 2021 1:44 AM"
2021-10-29,Дневник,"October 29, 2021 2:05 AM"
2021-10-28,Дневник,"October 28, 2021 12:18 AM"
2021-10-27,Дневник,"October 27, 2021 2:46 AM"
2021-10-26,Дневник,"October 26, 2021 3:26 AM"
2021-10-22,Дневник,"October 22, 2021 2:47 AM"
2021-10-19,Дневник,"October 19, 2021 1:32 AM"
2021-10-15,Дневник,"October 19, 2021 1:23 AM"
2021-10-14,Дневник,"October 19, 2021 1:23 AM"
2021-10-13,Дневник,"October 19, 2021 1:23 AM"
2021-10-11,Дневник,"October 12, 2021 1:27 AM"
2021-10-11,Дневник,"October 11, 2021 3:46 AM"
2021-10-09,Дневник,"October 10, 2021 2:36 AM"
2021-10-09,Дневник,"October 9, 2021 2:49 AM"
2021-10-05,Дневник,"October 9, 2021 2:40 AM"
2021-10-02,Дневник,"October 2, 2021 3:00 AM"
2021-09-22,Дневник,"September 22, 2021 4:29 PM"
2021-09-19,Дневник,"September 22, 2021 4:29 PM"
2021-09-16,Дневник,"September 16, 2021 1:02 AM"
2021-09-14,Дневник,"September 14, 2021 1:34 AM"
2021-09-13,Дневник,"September 13, 2021 2:17 AM"
2021-09-09,Дневник,"September 9, 2021 3:31 AM"
2021-09-07,Дневник,"September 7, 2021 1:52 AM"
2021-09-06,"Дневник, Каша из мыслей","September 6, 2021 2:44 AM"
2021-09-05,Дневник,"September 5, 2021 1:37 AM"
2021-08-30,Дневник,"September 5, 2021 1:32 AM"
2021-08-27,Дневник,"August 27, 2021 2:27 AM"
2021-08-21,Дневник,"August 27, 2021 2:21 AM"
2021-08-15,Дневник,"August 15, 2021 1:36 AM"
2021-08-14,Дневник,"August 27, 2021 2:20 AM"
2021-08-13,Дневник,"August 13, 2021 1:08 AM"
2021-08-10,Дневник,"August 11, 2021 2:32 AM"
2021-08-10,Дневник,"August 10, 2021 3:02 AM"
2021-08-09,Дневник,"August 10, 2021 12:57 AM"
2021-08-06,Дневник,"August 6, 2021 12:24 AM"
2021-08-05,Дневник,"August 5, 2021 1:53 AM"
2021-08-03,Дневник,"August 10, 2021 12:55 AM"
2021-08-02,Дневник,"August 3, 2021 1:55 AM"
2021-08-02,Дневник,"August 2, 2021 1:28 AM"
2021-07-30,Дневник,"July 30, 2021 8:14 PM"
2021-07-30,Дневник,"July 30, 2021 8:14 PM"
2021-07-29,Дневник,"July 29, 2021 4:16 PM"
2021-07-29,Дневник,"July 29, 2021 4:16 PM"
2021-07-26,Дневник,"July 26, 2021 1:09 AM"
2021-07-25,Дневник,"July 26, 2021 2:03 AM"
2021-07-23,Дневник,"July 23, 2021 3:28 AM"
2021-07-21,Дневник,"July 22, 2021 1:57 AM"
2021-07-21,Дневник,"July 21, 2021 2:41 AM"
2021-07-17,Дневник,"July 20, 2021 6:45 PM"
2021-07-16,Дневник,"July 16, 2021 12:02 PM"
2021-07-16,Дневник,"July 17, 2021 3:14 PM"
2021-07-16,Дневник,"July 17, 2021 3:13 PM"
2021-07-14,Дневник,"July 14, 2021 9:55 AM"
2021-07-12,Дневник,"July 13, 2021 11:44 AM"
2021-07-11,Дневник,"July 12, 2021 8:40 AM"
2021-07-10,Дневник,"July 11, 2021 1:41 AM"
2021-07-10,Дневник,"July 10, 2021 2:16 AM"
2021-07-08,Дневник,"July 9, 2021 2:21 AM"
2021-07-08,Дневник,"July 9, 2021 1:09 AM"
2021-07-07,Дневник,"July 7, 2021 3:10 PM"
2021-07-05,Дневник,"July 6, 2021 2:30 AM"
2021-07-04,Дневник,"July 5, 2021 4:22 AM"
2021-07-04,Дневник,"July 4, 2021 2:36 AM"
2021-07-02,Дневник,"July 3, 2021 2:12 AM"
2021-07-01,Дневник,"July 2, 2021 12:42 AM"
2021-07-01,Дневник,"July 1, 2021 1:54 AM"
2021-06-30,Дневник,"June 30, 2021 2:03 AM"
2021-06-28,Дневник,"June 28, 2021 4:51 PM"
2021-06-27,Дневник,"June 28, 2021 2:00 AM"
2021-06-27,Дневник,"June 28, 2021 2:00 AM"
2021-06-24,Дневник,"June 24, 2021 1:11 AM"
2021-06-23,Дневник,"June 24, 2021 1:11 AM"
2021-06-23,Дневник,"June 24, 2021 1:09 AM"
2021-06-21,Дневник,"June 21, 2021 11:54 AM"
2021-06-21,Дневник,"June 23, 2021 1:50 AM"
2021-06-20,Дневник,"June 20, 2021 8:47 AM"
2021-06-20,"Дневник, Переживания","June 20, 2021 8:39 AM"
2021-06-16,Дневник,"June 16, 2021 6:15 AM"
2021-06-15,"Дневник, Отношения","June 16, 2021 5:29 AM"
2021-06-15,"Дневник, Отношения","June 15, 2021 1:20 AM"
2021-06-13,Дневник,"June 15, 2021 1:27 AM"
2021-06-13,Дневник,"June 13, 2021 11:49 AM"
2021-06-11,Дневник,"June 12, 2021 12:18 AM"
2021-06-10,Дневник,"June 11, 2021 12:45 AM"
2021-06-09,Дневник,"June 10, 2021 12:33 AM"
2021-06-08,Дневник,"June 8, 2021 11:08 PM"
2021-06-08,Дневник,"June 8, 2021 1:56 PM"
2021-06-06,Дневник,"June 7, 2021 12:00 AM"
2021-06-06,"Восторг, Дневник, Личностный рост, Отношения, Похвала, Прекрасный  день, Радость, Счастье","June 6, 2021 10:46 AM"
2021-06-04,Дневник,"June 4, 2021 10:34 PM"
2021-06-03,Дневник,"June 4, 2021 4:55 AM"
2021-06-02,Дневник,"June 2, 2021 5:51 PM"
2021-06-01,Дневник,"June 2, 2021 1:11 AM"
2021-05-31,Дневник,"May 31, 2021 5:00 PM"
2021-05-30,Дневник,"May 31, 2021 3:01 AM"
2021-05-29,"Low Point, Дневник","May 29, 2021 11:58 PM"
2021-05-28,Дневник,"May 29, 2021 12:33 AM"
2021-05-27,Дневник,"May 27, 2021 12:14 AM"
2021-05-25,Дневник,"May 25, 2021 3:21 AM"
2021-05-23,Дневник,"May 24, 2021 1:34 AM"
2021-05-23,Дневник,"May 23, 2021 2:56 AM"
2021-05-18,Дневник,"May 20, 2021 5:01 PM"
2021-05-17,Дневник,"May 17, 2021 2:24 AM"
2021-05-15,Дневник,"May 16, 2021 2:42 PM"
2021-05-14,Дневник,"May 14, 2021 2:37 AM"
2021-05-14,"Дневник, Каша из мыслей, Смешанные чувства","May 14, 2021 2:38 AM"
2021-05-09,Дневник,"May 14, 2021 12:00 AM"
2021-05-07,Дневник,"May 13, 2021 11:59 PM"
2021-05-06,Дневник,"May 13, 2021 11:59 PM"
2021-05-06,Дневник,"May 6, 2021 2:55 AM"
2021-05-05,Дневник,"May 6, 2021 2:55 AM"
2021-05-04,Дневник,"May 5, 2021 1:22 AM"
2021-05-03,Дневник,"May 3, 2021 10:21 PM"
2021-04-27,Дневник,"May 3, 2021 9:58 PM"
2021-04-26,Дневник,"May 3, 2021 9:58 PM"
2021-04-26,"Восторг, Дневник, Радость","April 26, 2021 3:03 AM"
2021-04-24,Дневник,"April 26, 2021 12:46 AM"
2021-04-23,"Дневник, Каша из мыслей, Личное, Мысли","April 24, 2021 1:29 AM"
2021-04-22,"Дневник, Каша из мыслей, Смешанные чувства","April 22, 2021 11:37 PM"
2021-04-21,"Беспокойство, Дневник","April 26, 2021 3:03 AM"
2021-04-14,"Беспокойство, Дневник, Отношения","April 26, 2021 3:03 AM"
2021-04-13,"Дневник, Страхи, Стресс","April 13, 2021 12:08 PM"
2021-04-13,"Дневник, Рефлексия","April 13, 2021 3:23 AM"
2021-04-12,Дневник,"April 12, 2021 12:53 AM"
2021-04-05,Дневник,"April 5, 2021 2:32 AM"
2021-04-02,Дневник,"April 2, 2021 2:28 AM"
2021-03-30,"Беспокойство, Дневник, Мысли, Проблемы","April 26, 2021 3:03 AM"
2021-03-29,"Дневник, Страхи, Стресс","March 29, 2021 11:46 PM"
2021-03-28,"Беспокойство, Дневник, Отношения, Проблемы, Чувства","April 26, 2021 3:03 AM"
2021-03-24,"Депрессия, Дневник, Одиночество, Отстраненность, Переживания, Раздражение, Разочарование, Страхи","March 25, 2021 12:12 AM"
2021-03-23,"Дневник, Мысли, Отношения, Прикольно","March 23, 2021 11:30 PM"
2021-03-22,"Беспокойство, Дневник, Жизненный опыт, Личное, Мысли, Рефлексия","April 26, 2021 3:03 AM"
2021-03-19,"Дневник, Личное, Отношения, Переживания, Чувства","March 19, 2021 1:53 AM"
2021-03-17,"Дневник, Замешательство, Отношения, Переживания","March 18, 2021 1:42 AM"
2021-03-16,"Дневник, Отношения, Стресс","March 17, 2021 12:27 AM"
2021-03-14,Дневник,"March 16, 2021 6:01 PM"
2021-03-11,Дневник,"March 11, 2021 10:19 PM"
2021-03-03,Дневник,"March 3, 2021 10:54 AM"
2021-03-02,"Беспокойство, Дневник, Злость, Раздражение","April 26, 2021 3:03 AM"
2021-03-01,"Беспокойство, Дневник, Отношения, Рефлексия, Стресс","April 26, 2021 3:03 AM"
2021-02-27,"Дневник, Разочарование","March 1, 2021 1:08 AM"
2021-02-24,"Дневник, Злость, Мысли, Печаль, Сомнения, Страхи, Стресс","March 1, 2021 1:08 AM"
2021-02-23,"Беспокойство, Горит пердак, Дневник, Злость, Интересные ситуации, Радость, Разочарование, Сомнения, Стресс, Счастье","April 26, 2021 3:03 AM"
2021-02-21,"Беспокойство, Дневник, Стресс","April 26, 2021 3:03 AM"
2021-02-20,"Беспокойство, Дневник, Стресс","April 26, 2021 3:03 AM"
2021-02-19,"Беспокойство, Дневник, Жизненный опыт, Личное, Мысли, Рефлексия, Стресс","April 26, 2021 3:03 AM"
2021-02-18,"Горе, Дневник, Печаль","March 1, 2021 1:08 AM"
2021-02-17,"Горе, Депрессия, Дневник, Жизненный опыт, Личное, Опасения, Печаль, Страхи","March 25, 2021 12:11 AM"
2021-02-17,Дневник,"March 1, 2021 1:08 AM"
2021-02-16,"Беспокойство, Дневник, Жизненный опыт, Мысли","April 26, 2021 3:03 AM"
2021-02-14,"Дневник, Самоанализ","March 1, 2021 1:08 AM"
2021-02-11,"Беспокойство, Дневник, Жизненный опыт, Личное, Мысли, Отношения, Чувства","April 26, 2021 3:03 AM"
2021-02-11,"Беспокойство, Дневник, Жизненный опыт, Мысли, Проблемы","April 26, 2021 3:03 AM"
2021-02-08,Дневник,"March 1, 2021 1:08 AM"
2021-02-06,"Дневник, Интересные ситуации, Шок контент","March 1, 2021 1:08 AM"
2021-02-04,"Low Point, Беспокойство, Депрессия, Дневник, Жизненный опыт, Личное, Мысли, Опасения, Проблемы, Разочарование, Рефлексия, Сомнения, Страхи, Цели","April 26, 2021 3:03 AM"
2021-02-04,Дневник,"March 1, 2021 1:08 AM"
2021-02-02,"Беспокойство, Дневник, Опасения, Сомнения, Страхи","April 26, 2021 3:03 AM"
2021-02-01,"Дневник, Жизненный опыт, Злость, Личное, Мысли, Рефлексия","March 25, 2021 12:11 AM"
2021-01-31,"Беспокойство, Дневник, Личное, Рефлексия","April 26, 2021 3:03 AM"
2021-01-30,"Беспокойство, Дневник, Жизненный опыт, Личное, Мысли, Отношения, Плохие привычки, Рефлексия","April 26, 2021 3:03 AM"
2021-01-26,"Дневник, Личное","March 1, 2021 1:08 AM"
2021-01-24,Дневник,"March 1, 2021 1:08 AM"
2021-01-22,"Горит пердак, Дневник","March 1, 2021 1:08 AM"
2021-01-22,"Дневник, Плохие привычки","March 1, 2021 1:08 AM"
2021-01-21,Дневник,"March 1, 2021 1:08 AM"
2021-01-20,"Дневник, Мотивационное","March 1, 2021 1:08 AM"
2021-01-17,"Low Point, Беспокойство, Дневник, Личное, Проблемы, Самоанализ, Чувства","April 26, 2021 3:03 AM"
2021-01-16,Дневник,"March 1, 2021 1:08 AM"
2021-01-16,"Дневник, Мотивационное","March 1, 2021 1:08 AM"
2021-01-14,"Дневник, Стресс","March 1, 2021 1:08 AM"
2021-01-12,"Дневник, Ежедневная рутина","March 1, 2021 1:08 AM"
2021-01-12,"Дневник, Жизненный опыт, Личное, Личностный рост, Мысли, Похвала, Чувства","March 25, 2021 12:11 AM"
2021-01-11,"Беспокойство, Дневник, Жизненный опыт, Мысли, Стресс","April 26, 2021 3:03 AM"
2021-01-09,"Беспокойство, Дневник, Отношения, Стресс, Чувства","April 26, 2021 3:03 AM"
2021-01-08,Дневник,"March 1, 2021 1:08 AM"
2021-01-07,"Беспокойство, Дневник","April 26, 2021 3:03 AM"
2021-01-06,"Беспокойство, Дневник, Мысли","April 26, 2021 3:03 AM"
2021-01-06,"Дневник, Рефлексия","March 1, 2021 1:08 AM"
2021-01-06,"Беспокойство, Личное, Мысли, Проблемы, Рефлексия, Самоанализ, Чувства","April 26, 2021 3:03 AM"
2021-01-05,"Жизненный опыт, Личное, Мысли, Рефлексия, Самоанализ","March 1, 2021 1:05 AM"
2021-01-05,"Дневник, Жизненный опыт, Рефлексия","March 1, 2021 1:08 AM"
2021-01-01,"Беспокойство, Дневник, Жизненный опыт, Личное, Мысли, Проблемы, Рефлексия, Самоанализ, Цели, Чувства","April 26, 2021 3:03 AM"
2020-12-29,"Дневник, Рефлексия, Самоанализ","March 1, 2021 1:08 AM"
2020-12-28,"Жизненный опыт, Интересные ситуации, Личное, Мысли, Рефлексия, Самоанализ, Чувства","March 1, 2021 1:05 AM"
2020-12-28,"Дневник, Мысли, Проблемы","March 1, 2021 1:08 AM"
2020-12-28,"Беспокойство, Дневник, Жизненный опыт, Рефлексия","April 26, 2021 3:03 AM"
2020-12-27,"Беспокойство, Дневник, Жизненный опыт, Рефлексия","April 26, 2021 3:03 AM"
2020-12-21,"Дневник, Рефлексия","December 28, 2020 11:11 PM"
2020-12-19,"Дневник, Рефлексия","December 28, 2020 11:11 PM"
2020-12-17,"Дневник, Рефлексия, Цели","December 28, 2020 11:11 PM"
2020-12-13,"Дневник, Рефлексия","December 28, 2020 11:10 PM"
2020-12-11,"Дневник, Личное, Рефлексия","December 28, 2020 11:10 PM"
2020-12-08,"Дневник, Рефлексия","January 6, 2021 1:32 AM"
2020-11-25,Дневник,"January 7, 2021 3:50 PM"
2020-10-16,Дневник,"January 6, 2021 1:32 AM"
