"Отметка времени","(Необязательно) Если хочешь, можешь представиться или указать псевдоним. ","Как оценишь комфортность общения со мной? (где 0 – избегаешь общения, 5 – всегда рад пообщаться)","Какие ассоциации я у тебя вызываю?","Какие по твоему мнению у меня сильные стороны? 
Чем я бы мог помогать другим?","Какие по твоему мнению у меня слабые стороны / недостатки?
Над чем мне стоит поработать?","Напиши, пожалуйста, в целом мысли обо мне. 
Какое впечатление я произвел на тебя? 
Как считаешь, какое впечатление произвожу на других людей?
Хотел(а) ли работать со мной и над чем именно?","(Необязательно) Может захочешь какую-то ассоциацию со мной скинуть фотографию/мем/скрин/файл прикрепить.","(дополнительно) Когда ты видел(а) меня в моей ""лучшей"" форме (эмоционально/духовно/физически)?","(дополнительно) Когда ты видел(а) меня в моей ""худшей"" форме (эмоционально/духовно/физически)?"
"2023/12/05 3:37:22 PM GMT+3","Васька","5","","","","","","",""
"2023/12/05 3:41:18 PM GMT+3","","4","","интересный собеседник, приятно провести время. рассказываешь смешные анекдоты, красивые волосы","додумываешь за других вместо того, чтобы прямо поговорить","впечатление приятное. добрый амбициозный человечек, комфортный и милый","","",""
"2023/12/05 4:00:19 PM GMT+3","Андрей","5","","Ты добрый открытый общительный человек. Помоги с матешой пж ","Возможно, ты немного наивный. С тобой у меня ассоциируется счастьливый wojak, фильтруй постцпающую информацию, изучай больше о чем-то, что у тебя вызыввет интерес. Как правило, что то дейсивительное располагается не на первых ссылках в гугле.","Ты милый, красивый, кьют софт бой, красивый голос альфы, я прям теку от него, такой низкий ~~. Добрый, целеустремленный. Из минусов, ну, как по мне, ты иногда стесняешься общаться, хотя с голой попой на велике можешь и не стемняться))) то есть тип общение как будто сложнее чем показать голую жопу)))  это выглядит так для меня","","",""
"2023/12/05 4:34:47 PM GMT+3","","3","","Ты научился четко планировать свое время и ставить приоритеты, для тебя это безусловно хорошо, но не для других. Создаешь впечатление человека, прибывшего из идеального общества. Думаю ты в силах принять, что мы живем в слабом обществе, где приходиться смиряться с тупыми людьми","Иногда общение с тобой кажется унизительным, ты как будто парящий орел, смотрящий на землю с высоты. Не знаю как обьяснить то, как это выражается, но это факт как минимум для меня
Плюс иногда ты слишком критичен, относись к жизни проще, прекрати ее усложнять","Впечатление - обычное, ничего конкретно выразительного, обычный парень как и все
На других людей, вероятно, производишь впечатление человека, который подстраивается под нужную ему в тот или иной момент форму
Работать с тобой я бы не хотела, по той причине что боюсь твоей реакции на мои ошибки, мне кажется ты меня морально задавишь и мне будет тягостно с тобой работать","","",""
"2023/12/05 6:17:49 PM GMT+3","","5","","","","Сори, я не понимаю как я здесь оказалась и вообще почему ты у меня в друзьях (мы вместе учимся в универе, но я не помню, чтобы пересекались). Вот, но хочу сказать что ты очень красивый. Комплименты вообще говорить хорошо, а уж анонимно тем более😅","","",""
"2023/12/05 7:13:47 PM GMT+3","лиечка уебанникова","5","","позитивный,добрый и искренний парень,готовый всегда протянуть руку помощи ,плюс шутки про геев","их нет,по крайней мере не замечала ","все что касается твоих хороших качеств-все сюда относится,ты поднимаешь людям настроение и просто даришь свет,работать могла бы например над созданием ядерного оружия чтоб ебнуть кое каво..","","",""
"2023/12/05 7:26:27 PM GMT+3","Твой старый друг ","5","","Ты добрый и отзывчивый.  Да даже просто работая ты помогаешь обществу.","Сложно сказать, в целом у тебя нет больших минусов.","Ты крутой и у тебя классный характер. ","","",""
"2023/12/05 7:26:38 PM GMT+3","","4","","","","Красивый 🤤🤤🤤 
Поработать можно над совместными прогулками😋","","",""
"2023/12/05 7:55:17 PM GMT+3","","5","","Социальность","Саморазвитие это онанизм","Бля лень столько букв писать. Ровный пацан короче. За Эрена плюс к карме","","",""
"2023/12/05 8:23:38 PM GMT+3","Грибочек ","5","","Юмор","Хз. Общались немного","Первое впечатление отличное. Милый и добрый в общении. Не особо много переписывались, но могу сказать , что дискомфорта ты не вызывал. Думаю, если делать какой-то проект по предметам, то ты был бы хорошим компаньоном ","","",""
"2023/12/05 8:27:38 PM GMT+3","Person","5","","Возможно, коммуникации, организация мероприятий глобальных. Что то в этом роде ","Не обнаружено ","Весьма веселым оказался, когда впервые встретились; после понятно стало, что тактичный, вежливый, внимательный и добрый, аккуратный, готов поддержать и помочь с радостью, на тебя можно положиться ","","",""
"2023/12/06 12:15:05 AM GMT+3","Чоко-поко","4","","Заряженный, веселый, позитивный","Много гейсива, гейских шуток (мб это плюс?)","Положительное/в исламский мир пока путь закрыт/возможно прикольно мог бы стендапить","","",""
"2023/12/06 11:40:33 AM GMT+3","Дашутка кепка","5","","Влечение к милфам, любовь к анекдотам про говно","Любовь к анекдотам про говно)","Да хороший ты парень, Вась, хорошо, шо вопросов всего 5, на шестом я бы сдалась
Хотела бы поработать с тобой в следующем году в мае примерно на третье неделе месяца над очень интересным мероприятием)","","",""
"2023/12/06 11:46:15 AM GMT+3","","4","","Шутки, хотя иногда зашкаливают. Достаточно общительный, легко идешь на контакт с людьми и это круто","Быть серьезнее к некоторым вещам","Положительно всё, первое впечатление - общительный и веселый человек, хотя стесняшка немного был:) 
Работать совместно - хз. Для меня важна ответственность человека. Я тебя не знаю и не знаю как у тебя с этим","","",""
"2023/12/06 12:03:04 PM GMT+3","Это я","4","","Минет (добрый, без негатива)","Кринж, бываешь несерьезным, когда требуется","Веселый парень Вася, ищет себя (не гей). Мне всегда приятно встретиться, обменяться мыслями, новостями и тд. Думаю, тебя многие любят, хотя кого то ты раздражаешь из-за кринжа, многие могли запомнить тебя именно таким. Работать с другом над чем-то опасно, можно проебать дружбу, поэтому нет","","",""
"2023/12/06 12:22:42 PM GMT+3","","5","","Коммуникация, честность, открытость, готов залететь в любую движуху. 
А зачем помогать другим людям?","Думаешь, что многие вокруг супер-(умные, продуктивные, крутые), хотя это не так. Не забывай про фактор удачи в жизни(Не отменяет упорный труд, но все же). Еще мне кажется, что ты немного распыляешься, но это на твое усмотрение. ","Васян, слишком давно тебя знаю, чтобы помнить, какое ты впечатление на меня произвел) 
Мнения людей зависят от самих людей, а не от тебя. На кого то ты действуешь кринжово(лично одну такую знаю), на кого то позитивно, возможно, на кого то негативно. 
С тобой, над чем угодно бы работал, хоть говно жрать","","",""
"2023/12/06 12:39:26 PM GMT+3","","4","","По моим наблюдениям ты открытый и не боишься идти против системы","Иногда мне кажется, что тв слишком резко высказываешь свою точку зрения","","","",""
"2023/12/06 1:44:33 PM GMT+3","Тимыч","5","","Опыт по прививанию полезных привычек. Опыт борьбы с ленью и прокрастинацией.
Также думаю другим будет полезен твой опыт в медийной сфере.
А ещё ты очень хороший и верный друг) 
Это тоже сильная сторона для меня ","Возможно стоит немного поработать над уверенностью в себе. Иногда кажется, что ты немного зажат в движениях, в речи (но возможно просто так кажется).","Мне очень нравится общаться с тобой, и то, что мы можем обсуждать разные темы.
Я разделяю очень много твоих мыслей, и порой мы испытываем схожие переживания. Мы во многом понимаем и принимаем друг друга, и это отлично)
Я думаю, что на других людей ты производишь впечатление открытого, общительного человека, который может поддержать практически любой разговор.
Я бы хотел с тобой работать в сфере организации мероприятий, например, тус.
Мне кажется было бы прикольно, хах","","",""
"2023/12/06 2:15:30 PM GMT+3","Блять ты че внимание блядь, ахуела совсем?","0","","","","","","",""
"2023/12/06 6:37:15 PM GMT+3","Ярослав Федин","5","","","","Вася, мы знакомы с начала учебного года, еще на этапе отбора в ЦКП, ты мне показался интересным человеком и за два дня совместной работы я в этом только убедился. У тебя отлично получается поддерживать позитивный настрой команды, на мой взгляд, ты душа любой компании. Ты готов браться за любую работу и полностью ей отдаваться, желаю тебе не стесняться высказывать свое мнение и брать больше на себя! Успехов тебе!","","",""
"2023/12/06 9:48:40 PM GMT+3","Бухарова","5","","У тебя сильная правая сторона. Ты мог бы встречным пенсионерам помогать носить пакеты, а то им бывает тяжело","У тебя левая сторона слабее правой. Тебе стоит поработать над усилением левой стороны","Ты производишь положительное впечатление. На других людей ты производишь разное впечатление, так как каждый человек воспринимает тебя по-разному. С тобой было весело работать","","",""
"2023/12/06 10:30:20 PM GMT+3","PON","4","","Ты очень хорошо вырос в плане ощущения своего внутреннего Я. Невооружённым глазом видно, что стараешься саморазвиваться, не боишься выходить из зоны комфорта и показывать себя. Это довольно неплохой пример для других людей) ","Строго придерживаешься своей выстроенной позиции относительно некоторых вопросов и довольно резко (не в плане агрессивно или что-то в этом духе) реагируешь на отличное от твоего мнение человека. Порой складывается ощущение, что ты заинтересован не вникнуть в него, а лишь прослушать, добавляя в конце дежурную фразу ""Я услышал тебя"". От этого становится весьма грустно :(","Ты умничка! Увы, но я не знаю, как ты себя позиционируешь в профессиональном плане, поэтому на последний вопрос ответить не смогу. Однако если говорить в целом, то ты всегда можешь поднять настроение, и с тобой не бывает скучно, можно о многом поговорить, поэтому, я уверен(а), что люди к тебе тянутся. Летииии! ","","",""
"2023/12/07 3:14:33 PM GMT+3","огромный член ","4","","(про помощь другим)
во время разговора, ты всегда очень внимательно слушаешь и вникаешь в проблему собеседника
мне приятно, когда ты даешь положительную обратную связь об моих успехах и мотивируешь что-то ебашить дальше при их отсутствии 
поэтому я думаю, что ты мог бы помогать другим уметь видеть значимость их труда 

(про качества)
ты очень легок на подъем - с каждым годом эта черта теряется в людях
ты очень позитивный и жизнерадостный в компании, никогда не вываливаешь свои проблемы (обычно такие люди потом плачут дома в подушку, надеюсь ты нет)
ты экспериментируешь со своим таймменеджментом, так что возможно скоро ты напишешь книгу про успешный успех 
ну и просто ты ахуенный 
","мне кажется, ты не всегда уверен в себе на сто процентов
иногда у тебя не хватает жестокости в общении с другими людьми (типо отстоять свою точку зрения или сказать иди нахуй)","(позже допишу)","","",""
"2023/12/07 9:45:47 PM GMT+3","Дима Ко","5","","У тебя есть мотивация и дисциплина. Можешь начать и довести до конца.","Много косплеишь под Эрена.","Позёр и краш, чмок в лобик","","",""
"2023/12/25 8:18:33 PM GMT+3","Василий Евдокимов от лица Михаила Страхового","4","","","","Ты хороший парень. У тебя нет ярко выраженных минусов, ты во всем отличен. Раньше был клоуном, сейчас резко и ярко изменился.","","",""
"2023/12/28 3:24:50 PM GMT+3","@_skity_","5","","Раскрепощенность, открытость к новому опыту, с тобой легко стартовать, твой лаг между идей и действием минимален - а это важно для бизнес дел, лучше иногда 100 раз споткнуться , но получить опыт, нежели расчитывать и в итоге ничего не сделать","ярко выраженного не заметил, но могу просто по мелочам: 
- кругозор , он всегда будет недостаточен, больше узнавай, читай и общайся (просто общая рекомендация)
- окружение - тоже, всегда можно его улучшать, менять, главное!!! 
Нравственный уровень твой и твоего окружения должен быть на одном уровне, ни ниже, ни выше, а именно на одном, тогда можно идти и в огонь, и в воду
- и последним просто отмечу лень, не знаю почему, знаю что ты от нее избавился, но почему то мне кажется , что надо добить ее , прям самая малость осталась! А так, ты сделал колоссальную работу над собой, продолжай! Конца и края нет для саморазвития! ","Яркий, улыбающийся, вдумчивый, впитывающий как губка, может местами что то можешь не знать ( это нормально) но вот как ты реагируешь - ты сразу хочешь покапаться в теме, заполнить пробел - это кайф! Поддерживаю) 


Продолжаем работать, 
КАРИМ
","","",""
"2024/01/11 12:31:11 PM GMT+3","Отзыв от участника «Школа Медиа 2021»; Дата 22.08.21; Написан — Василием Евдокимовым саморучно.","5","","","","Вася, не бойся быть ярким, громким! Ты талантлив!","https://drive.google.com/u/1/open?usp=forms_web&id=1fSddfKblsPTuTBpp6vMbFNNcKSpSsqUW","",""
"2024/01/11 12:33:37 PM GMT+3","Отзыв от участника «Школа Медиа 2021»; Дата 22.08.21; Написан — Василием Евдокимовым саморучно.","5","","","","Вася, ты такой молодец, что провёл эфир. Ты супер. Удачи тебе","https://drive.google.com/u/1/open?usp=forms_web&id=1K22zJ9MP4m-Eqhsn6duSBXmJ2DZ9-xoy","",""
"2024/01/11 12:36:08 PM GMT+3","Отзыв от участника [Фархад Кулиев] «Школа Медиа 2021»; Дата 22.08.21; Написан — Василием Евдокимовым саморучно.","5","","","","Вася!
Ты офигенный и супер яркий, открытый. Увидимся в МЦ :)","https://drive.google.com/u/1/open?usp=forms_web&id=1berlqIRsTeu27l1ZrhFUid_PMsz7mHE7;https://drive.google.com/u/1/open?usp=forms_web&id=1CmdyFpIOQT3lPhslABMRgEQsgq-uFpKk","",""
"2024/01/11 12:37:28 PM GMT+3","Отзыв от участника «Школа Медиа 2021»; Дата 22.08.21; Написан — Василием Евдокимовым саморучно.","5","","","","Вася, у тебя 
        крутой
                 голос!","https://drive.google.com/u/1/open?usp=forms_web&id=1W-8GWRqJ_SJW59DipmhSjL2LdMyClBec","",""
"2024/01/11 12:38:28 PM GMT+3","Отзыв от участника «Школа Медиа 2021»; Дата 22.08.21; Написан — Василием Евдокимовым саморучно.","5","","","","Теперь ты – медийщик!
Твори, живи, свети! ❤️ ","https://drive.google.com/u/1/open?usp=forms_web&id=1kiZhhPLNybWQ-2Yy4rLs2CSE3T7XcQ1X","",""
"2024/01/11 12:40:30 PM GMT+3","Отзыв от участника «Школа Медиа 2021»; Дата 22.08.21; Написан — Василием Евдокимовым саморучно.","5","","","","Вася, ты классно справился сегодня.

Дальше – круче,
дальше – лучше","https://drive.google.com/u/1/open?usp=forms_web&id=10tuA7QOd_Ii3P2E6LFGIO0oi-EuRxhuT;https://drive.google.com/u/1/open?usp=forms_web&id=1juEmv7ZN0n1fzQQp9xPHU3gRcc4jsbhv","",""
"2024/01/11 12:41:53 PM GMT+3","Отзыв от участника «Школа Медиа 2021»; Дата 22.08.21; Написан — Василием Евдокимовым саморучно.","5","","","","В чем разница между Васей и Василием
                      ||
                     \/
Вася л❤️х
Василия не существует ","https://drive.google.com/u/1/open?usp=forms_web&id=1GDVjmwpqG_al-jco9Q7CU6moaiAOfeDb;https://drive.google.com/u/1/open?usp=forms_web&id=1vz4JnhcuGOR0x4tYLCUL8fXNmoDkURnR","",""
"2024/01/11 12:42:37 PM GMT+3","Отзыв от участника «Школа Медиа 2021»; Дата 22.08.21; Написан — Василием Евдокимовым саморучно.","5","","","","Вася, импровизация классно вытянула","https://drive.google.com/u/1/open?usp=forms_web&id=1nv7GYy9tt9RpRWy701AtoPOZCyBM-wBq","",""
"2024/01/11 12:43:06 PM GMT+3","Отзыв от участника «Школа Медиа 2021»; Дата 22.08.21; Написан — Василием Евдокимовым саморучно.","5","","","","Крепко обнимаю!","https://drive.google.com/u/1/open?usp=forms_web&id=1QP__Xn-DV6_dmY1TYJTm_z8sd7eLYKC0","",""
"2024/01/11 12:45:40 PM GMT+3","Отзыв от участника [Александр Мелешко] «Школа Медиа 2021»; Дата 22.08.21; Написан — Василием Евдокимовым саморучно.","5","","","","Васёк, ты просто офигенный чел. Просто монстр. Верь в себя, забей на этот ебучий мир, и всё будет у твоих ног.

       Обнял, приподнял ❤️","https://drive.google.com/u/1/open?usp=forms_web&id=1X3olg5mN17Y9SICrLd-ZYPLwuc-aFwaM","",""
"2024/01/11 12:47:39 PM GMT+3","Отзыв от участника [Илья Новиков] «Школа Медиа 2021»; Дата 22.08.21; Написан — Василием Евдокимовым саморучно.","5","","","","Вася!
Или вперёд и не бойся неудач. Мы все очень любим тебя и ждём новых свершений!
              Илья","https://drive.google.com/u/1/open?usp=forms_web&id=15CjdU7pbkpv0WAH3YLuqs0V_XVj20Lp9","",""
"2024/01/11 12:50:24 PM GMT+3","Отзыв от участника [Анна Попова] «Школа Медиа 2021»; Дата 22.08.21; Написан — Василием Евдокимовым саморучно.","5","","","","Вася, ты очень искренний и теплый человек

Была оч. рада видеть тебя каждый день на школе ❤️❤️❤️
Аня

p.s. И шутки у тебя смешные ","https://drive.google.com/u/1/open?usp=forms_web&id=11F8odER8XDuPHLebW_8M4qLT4tPo-ePi;https://drive.google.com/u/1/open?usp=forms_web&id=1wctQ78O-WXCZVRh3AgCDH2Bx6CfY7jDj","",""
"2024/01/11 12:54:58 PM GMT+3","Отзыв от участника [Александра Сафонова] «Школа Медиа 2021»; Дата 22.08.21; Написан — Василием Евдокимовым саморучно.","5","","","","Вася, все говорят «мало эмоций», но это твоя изюминка. (Как мне кажется). Было сложно, но ты справился. Ты молодец. Спасибо за шутки! :)
Было приятно работать с тобой, рада нашему более близкому знакомству.

           @sanechka_happiness","https://drive.google.com/u/1/open?usp=forms_web&id=1pis6tNwZURT0bR9IJO-cZipU59YRXgNp","",""
"2024/01/11 2:50:37 PM GMT+3","Отзыв от участника «Школа Медиа 2021»; Дата 22.08.21; Написан — Василием Евдокимовым саморучно.","5","","","","Вася, ты молодец!!!
(штаны Балакира тебе идут)","https://drive.google.com/u/1/open?usp=forms_web&id=1YdZUY-D1Blewzku4lRN-ZPSe0HcYqeHe","",""
"2024/01/11 2:51:35 PM GMT+3","Отзыв от участника «Школа Медиа 2021»; Дата 22.08.21; Написан — Василием Евдокимовым саморучно.","5","","","","Васянидзе
Васянидзе

Красавчик
Красавчик","https://drive.google.com/u/1/open?usp=forms_web&id=1l7sXznvg3qxgCOmrkVIA2G-GphY-46Or","",""
"2024/01/11 2:52:14 PM GMT+3","Отзыв от участника «Школа Медиа 2021»; Дата 22.08.21; Написан — Василием Евдокимовым саморучно.","5","","","","Вася, будь смелее!","https://drive.google.com/u/1/open?usp=forms_web&id=1Btk1dPtqVczAZEckyxmDC9gavptqSpz3","",""
"2024/01/11 2:53:08 PM GMT+3","Отзыв от участника «Школа Медиа 2021»; Дата 22.08.21; Написан — Василием Евдокимовым саморучно.","5","","","","Вася, ты зайка!

Всегда радостно видеть тебя на Школе","https://drive.google.com/u/1/open?usp=forms_web&id=1-KUta86aiWcdOOMO1kI5djumB4KTiQ9t","",""
"2024/01/11 2:53:41 PM GMT+3","Отзыв от участника «Школа Медиа 2021»; Дата 22.08.21; Написан — Василием Евдокимовым саморучно.","5","","","","Вася, ты где!?","https://drive.google.com/u/1/open?usp=forms_web&id=1Iq0Kb4-FZUqvk_lZEgVBKB8B_rS_3x4g","",""
"2024/01/11 2:55:09 PM GMT+3","Отзыв от участника «Школа Медиа 2021»; Дата 22.08.21; Написан — Василием Евдокимовым саморучно.","5","","","","❤️
Вася – латентный геюшка (самый милый гей на свете)","https://drive.google.com/u/1/open?usp=forms_web&id=1dyu82bodsuKcZf9CWdoKsGM-OGwzxnvd;https://drive.google.com/u/1/open?usp=forms_web&id=1dCyrwmj7BmGUZ_8Qk69pg7G0lPTeg_bm","",""
"2024/01/11 2:55:51 PM GMT+3","Отзыв от участника «Школа Медиа 2021»; Дата 22.08.21; Написан — Василием Евдокимовым саморучно.","5","","","","Вася, ты солнышко","https://drive.google.com/u/1/open?usp=forms_web&id=14KV-YHX7bKhSdfaYKhjnPI0FaWTCyjg-;https://drive.google.com/u/1/open?usp=forms_web&id=1LbH0G7GsQx_HTifTm_BSEVC4VkBIUHBN","",""
"2024/01/11 2:57:05 PM GMT+3","Отзыв от участника «Школа Медиа 2021»; Дата 22.08.21; Написан — Василием Евдокимовым саморучно.","5","","","","Вася, ты топ!
Желаю быть смелее и не бояться шагать в неизвестность! 
Продолжай расти профессионально!
⚡️⚡️⚡️","https://drive.google.com/u/1/open?usp=forms_web&id=1q2IhSvVgmhaefFrWM-QlNAaAUk2ikZ8Q","",""
"2024/01/11 2:59:03 PM GMT+3","Отзыв от участника «Школа Медиа 2021»; Дата 22.08.21; Написан — Василием Евдокимовым саморучно.","5","","","","Вася, ты какой-то реально нереальный.

Все орги влюбились в твою улыбку и харизму

Не было ни дня, когда бы мы тебя не вспоминали.

В тебе есть что-то особое и естественное, что очень притягивает.

Хочется просто видеть тебя счастливым ❤️

И почаще хочется смеяться над твоими шутками ","https://drive.google.com/u/1/open?usp=forms_web&id=1_D3BLSfFvvLVBhxhPbTO93YMDJ-zdewS;https://drive.google.com/u/1/open?usp=forms_web&id=1c_1kfAz4Y5wCcGQUl_Rba-vzFqr-PVM2","",""
"2024/01/11 3:09:02 PM GMT+3","Отзыв от участника «Школа Медиа 2021»; Дата 22.08.21; Написан — Василием Евдокимовым саморучно.","3","","","","
❤️❤️❤️❤️❤️
- было плохое выступление сказали мало слов, не слишком понятно что это и о чем
- не было плашек на видосах (такое чувство, что форматы видосов были больше, чем
- цу е фа = кринж 
- ведущие в начале очень зажатые 
- Вася слишком безэмоциональный и потерянный, не реагирует на слова его интервьюентов 
- много «душноты» перед погодой,
- Ангелина слишком видно, что подглядывает в текст.
- плохо на камеру говорит - очень монотонно и безэмоционально ","https://drive.google.com/u/1/open?usp=forms_web&id=1Gni0lh-KknF1F12mGase9Uz12owCAcNq;https://drive.google.com/u/1/open?usp=forms_web&id=1-rbjH70Kb6W0C-hojBWfyny-xjF6h44v","",""
"2024/01/11 3:10:18 PM GMT+3","Отзыв от участника «Школа Медиа 2021»; Дата 22.08.21; Написан — Василием Евдокимовым саморучно.","5","","","","Вася, ты в сердечке

Не знаю, как у тебя получается, но тобой нельзя не очаровываться ❤️","https://drive.google.com/u/1/open?usp=forms_web&id=1YEQl7QCsmAlc3Gc4jWWnW3rKSVj-8GXe","",""
"2024/01/11 3:13:39 PM GMT+3","Отзыв от участника [Екатерина Градова] «Школа Медиа 2021»; Дата 22.08.21; Написан — Василием Евдокимовым саморучно.","5","","","","Вася, я дарю тебе браслет «СВЕТ», потому что ты — свет. Светя ярко. Дари его людям. Ты очень яркий и добрый человек. Помни об этом и верь в себя! ❤️","https://drive.google.com/u/1/open?usp=forms_web&id=1LbEyUhSzBO-es5czrF6u9bIFjkxJVA9M","",""
"2024/01/11 3:19:05 PM GMT+3","Александр Сухов отзыв о ведении эфира финала Школы Медиа. Запись сделана Василием Евдокимовым.","5","","","","Привет)
Ну актёр, ну юморист
👍👍👍💪💪💪
Спасибо, было очень орно

Я не понял, но было смешно)

Я бы тебе посоветовал поработать над эмоциями)
Если конечно ""покерфейс"" - это не твой плановый образ
Было много моментов, когда ты по сценарию должен давать эмоцию, но тебе как-будто пофиг на это было, и ты просто не меняя лица проговаривал это)))
На самом деле это смотрелось орно, а не плохо)
Но тут есть тонкая грань. Долго такое не будет работать. Ну в смысле если час мероприятия так делать. Зрителю приесться этот прикол) 
У этого даже название какое-то есть... Что-то там на постироничном, не помню)
В начале кликбейт с ""Помянем тех, кто не смотрит"" - это чья идея?)

А и лайфхак на будущее, если будешь работать со спикерами, то все узнавай заранее - Как читать фамилии, как обращаться и тп.
Самое обидное, когда человека приглашают на 5 минут и представляют неправильно(
Но это не твоя вина! Я думаю, все не подумали про это.
Зато в следующий раз вспомнишь)

Да не, в формате короткого эфира получилось так, как-будто ты в образе был, правда)))
У тебя и текст был как у панка, поэтому я даже не уверен был, что ты волнуешься, а не играешь)
 💪🏻 Крутой старт, успехов тебе)","","",""
"2024/02/05 5:08:07 PM GMT+3","Мэджик","5","","Твоя жизнерадостность и возможность найти в любой ситуации только плюсы. Кажется, что ты очень хорошо поддерживаешь людей. А ещё душа компании","Синдром недооцененности и самозванца. Ты итак крут! Не забывай об этом, и не обращай внимание что там говорят. Ты такой какой ты есть, за это тебя и любят!","Очень хорошее. Хотя, порой, возможно, производишь впечатление человека притягивающего конфузы, но от этого ты только выглядишь живее","","",""
"2024/03/01 7:20:12 PM GMT+3","поля","4","","мне кажется ты интересный! в прошлом вопросе 4, потому что не общались но анкету пройти захотелось ахахаха","может, стеснение?.. не уверена ","хороший","","",""
"2024/03/02 8:53:53 PM GMT+3","Если хочешь, можешь представиться или указать псевдоним (Бэтмен это я","5","","Классная жопа","Маленькая жопа","Сногсшибательное ","https://drive.google.com/u/1/open?usp=forms_web&id=1dleoMiiaSJvJG7Fqt8f9g536IV87ckzy","",""
"2024/03/13 8:48:07 PM GMT+3","Сосед","0","","Непоколебимое спокойствие.","Эгоизм, проявляющийся на кухне 7 этажа.","Уважаемый сосед, прошу Вас прекратить узурпировать микроволновую печь на 7 этаже общежития Г2, бесконечно разогревая свои супчики по 8 и более минут. Вы перекрываете доступ к общественным благам в виде микроволновки  ~80 людям, которые хотят есть. ХВАТИТ РАЗОГРЕВАТЬ СУПЧИКИ!!!!","https://drive.google.com/u/1/open?usp=forms_web&id=1U0oGyJ5JdvynR7MGqkejzg-fzzSw66oU","",""
"2024/04/02 8:02:23 PM GMT+3","сосед","0","","","","зачем дверь в блок запираешь? что прячешь","","",""
"2024/04/13 2:53:52 PM GMT+3","","5","","Как будто бы у тебя отсутствуют комплексы и ты ничем себя не ограничиваешь, можешь творить любою фигню и не переживать, что какая-то бабка косо посмотрит. Как будто твоя жизнь out of bounds, ты бы мог помогать другим, показывая своим примером, что можно и расслабиться, не думать о других. Вот Кирилл Селегей на своем стендапе говорил, что ""На нас(мужиков) с детства давит страх, что в тюрьме нас выебут в жопу, поэтому мы ходим такие напряженные"", в тебе такого нет","Я пока недостатков не заметил, все нормалдесно","описал это в сильных сторонах","https://drive.google.com/u/1/open?usp=forms_web&id=1gZPTygFGLoiFtK3W39-rHpS0aXKJiXh4","",""
"2024/09/21 5:18:43 PM GMT+3","Vi Chekhova Sex Girl 93/63/86","4","","Эмпатия, сострадание, начитанность, открыт к новому, забавный, открытый, миловидный, сообразительный, ответственный ","Кринжометр работает на скорости 100. Иногда не понимаешь когда надо вкинуть кринж, а когда это не уместно. ","1) Впечатление неоднозначное. Вроде все ок, но что-то непонятно. Не понимаю, если я тебе нравлюсь, почему ты только шлешь кринжи и ничего не делаешь? Для меня это странно и ред флаг, что какое-то не то отношение ко мне, как к девушке. Я пока просто наблюдаю за тобой) + Чувствуется, что у тебя есть какие-то внутренние блоки. 3) Думаю, что хорошее впечатление производишь. 4) позы? 😂
","https://drive.google.com/u/1/open?usp=forms_web&id=1xeL4zo76AY2hy036wxOFV_yQO9lP04P6","вот эта красивая фотка из формы - нравится. + та фотка с прессом тоже понравилась. остальное - хз ","мне не понравились фотки с черными волосами и красными и хвостиком!  
остальное - хз "